{
  "step": 800,
  "dev": {
    "wer": 0.13810727323785454,
    "cer": 0.07818320104530296,
    "ins_rate": 0.015080033698399326,
    "gap_nonempty": null
  }
}